<interpGrp type="POS">
  <interp xml:id="a-acp">acp word as adverb</interp>
  <interp xml:id="av">adverb</interp>
  <interp xml:id="av-an">noun-adverb as adverb</interp>
  <interp xml:id="av-c">comparative adverb</interp>
  <interp xml:id="av-d">determiner/adverb as adverb</interp>
  <interp xml:id="av-dc">comparative determiner/adverb as adverb</interp>
  <interp xml:id="av-ds">superlative determiner as adverb</interp>
  <interp xml:id="av-dx">negative determiner as adverb</interp>
  <interp xml:id="av-j">adjective as adverb</interp>
  <interp xml:id="av-j-u">adjective as adverb (un)</interp>
  <interp xml:id="av-jc">comparative adjective as adverb</interp>
  <interp xml:id="av-jn">adj/noun as adverb</interp>
  <interp xml:id="av-jn-u">un-adj/noun as adverb  (un-)</interp>
  <interp xml:id="av-jp">proper adjective as adverb</interp>
  <interp xml:id="av-jp-u">proper adjective as adverb (un-)</interp>
  <interp xml:id="av-js">superlative adjective as adverb</interp>
  <interp xml:id="av-n">noun as adverb</interp>
  <interp xml:id="av-s">superlative adverb</interp>
  <interp xml:id="av-u">adverb (un-)</interp>
  <interp xml:id="av-vvg">present participle as adverb</interp>
  <interp xml:id="av-vvg-u">present participle as adverb  (un-)</interp>
  <interp xml:id="av-vvn">past participle as adverb</interp>
  <interp xml:id="av-vvn-u">past participle as adverb  (un-)</interp>
  <interp xml:id="av-x">negative adverb</interp>
  <interp xml:id="avc-jn">comparative adj/noun as adverb</interp>
  <interp xml:id="avs-jn">superlative adj/noun as adverb</interp>
  <interp xml:id="c-acp">acp word as conjunction</interp>
  <interp xml:id="c-crq">wh-word as conjunction</interp>
  <interp xml:id="cc">coordinating conjunction</interp>
  <interp xml:id="cc-acp">acp word as coordinating conjunction</interp>
  <interp xml:id="ccx">negative conjunction</interp>
  <interp xml:id="crd">numeral</interp>
  <interp xml:id="cs">subordinating conjunction</interp>
  <interp xml:id="cst">'that' as conjunction</interp>
  <interp xml:id="d">determiner</interp>
  <interp xml:id="dc">comparative determiner</interp>
  <interp xml:id="dg">determiner in possessive use</interp>
  <interp xml:id="dgx">negative determiner in possessive use</interp>
  <interp xml:id="ds">superlative determiner</interp>
  <interp xml:id="dt">article</interp>
  <interp xml:id="dx">negative determiner as adverb</interp>
  <interp xml:id="fw-en">English word</interp>
  <interp xml:id="fw-es">spanish word</interp>
  <interp xml:id="fw-fr">French word</interp>
  <interp xml:id="fw-ge">German word</interp>
  <interp xml:id="fw-gr">Greek word</interp>
  <interp xml:id="fw-it">Italian word</interp>
  <interp xml:id="fw-la">Latin word</interp>
  <interp xml:id="fw-mi">word in unspecified other language</interp>
  <interp xml:id="fw-we">welsh word</interp>
  <interp xml:id="j">adjective</interp>
  <interp xml:id="j-acp">acp word as adjective</interp>
  <interp xml:id="j-av">adverb as adjective</interp>
  <interp xml:id="j-jn">adjective-noun</interp>
  <interp xml:id="j-jn-u">adjective-noun (un-)</interp>
  <interp xml:id="j-u">adjective (un-)</interp>
  <interp xml:id="j-vvg">present participle as adjective</interp>
  <interp xml:id="j-vvg-u">present participle as adjective (un-)</interp>
  <interp xml:id="j-vvn">past participle as adjective</interp>
  <interp xml:id="j-vvn-u">past participle as adjective (un-)</interp>
  <interp xml:id="jc">comparative adjective</interp>
  <interp xml:id="jc-jn">comparative adj/noun</interp>
  <interp xml:id="jc-u">comparative adjective (un-)</interp>
  <interp xml:id="jc-vvg">present participles as comparative adjective</interp>
  <interp xml:id="jc-vvn">past participle as comparative adjective</interp>
  <interp xml:id="jp">proper adjective</interp>
  <interp xml:id="jp-u">proper adjective (un-)</interp>
  <interp xml:id="js">superlative adjective</interp>
  <interp xml:id="js-jn">superlative adj/noun</interp>
  <interp xml:id="js-jn-u">superlative adj/noun (un-)</interp>
  <interp xml:id="js-n">noun as superlative adjective</interp>
  <interp xml:id="js-u">superlative adjective (un-)</interp>
  <interp xml:id="js-vvg">present participle as superlative adjective</interp>
  <interp xml:id="js-vvn">past participle as superlative adjective</interp>
  <interp xml:id="js-vvn-u">past participle as superlative adjective (un-)</interp>
  <interp xml:id="js_av">adverb as superlative adjective</interp>
  <interp xml:id="n-crq">grammatical word used as noun</interp>
  <interp xml:id="n-jn">adj/noun as noun</interp>
  <interp xml:id="n-jn-u">adj/noun as noun(un)</interp>
  <interp xml:id="n-vdg">present participle as noun, 'do'</interp>
  <interp xml:id="n-vhg">present participle as noun, 'have'</interp>
  <interp xml:id="n-vvg">present participle as noun</interp>
  <interp xml:id="n-vvg-u">present participle as noun (un-)</interp>
  <interp xml:id="n-vvn">past participle as noun</interp>
  <interp xml:id="n1">singular, noun</interp>
  <interp xml:id="n1-an">noun-adverb as singular noun</interp>
  <interp xml:id="n1-j">adjective as singular noun</interp>
  <interp xml:id="n1-u">singular, noun (un-)</interp>
  <interp xml:id="n1-uh">interjection used as noun</interp>
  <interp xml:id="n2">plural noun</interp>
  <interp xml:id="n2-acp">acp word as plural noun</interp>
  <interp xml:id="n2-an">noun-adverb as plural noun</interp>
  <interp xml:id="n2-av">adverb as plural noun</interp>
  <interp xml:id="n2-cc">coordinating conjunction used as noun</interp>
  <interp xml:id="n2-crq">wh-word used as noun</interp>
  <interp xml:id="n2-cs">'if' as a noun</interp>
  <interp xml:id="n2-dx">determiner/adverb negative as plural noun</interp>
  <interp xml:id="n2-j">adjective as plural noun</interp>
  <interp xml:id="n2-jn">adj/noun as plural noun</interp>
  <interp xml:id="n2-sy">character used as plural noun</interp>
  <interp xml:id="n2-u">plural noun (un-)</interp>
  <interp xml:id="n2-uh">interjection used as noun</interp>
  <interp xml:id="n2-vdg">present participle as plural noun, 'do'</interp>
  <interp xml:id="n2-vhg">present participle as plural noun, 'have'</interp>
  <interp xml:id="n2-vm">modal verb used as noun</interp>
  <interp xml:id="n2-vvg">present participle as plural noun</interp>
  <interp xml:id="n2-vvg-u">present participle as plural noun (un-)</interp>
  <interp xml:id="n2-vvn">past participle as plural noun</interp>
  <interp xml:id="ng1">singular possessive, noun</interp>
  <interp xml:id="ng1-an">noun-adverb in singular possessive use</interp>
  <interp xml:id="ng1-j">adjective as possessive noun</interp>
  <interp xml:id="ng1-jn">adj/noun as possessive noun</interp>
  <interp xml:id="ng1-vvn">past participle as possessive noun</interp>
  <interp xml:id="ng2">plural possessive, noun</interp>
  <interp xml:id="ng2-j">adjective as plural possessive noun</interp>
  <interp xml:id="ng2-jc">comparative adjective as possessive plural noun</interp>
  <interp xml:id="ng2-jn">adj/noun as plural possessive noun</interp>
  <interp xml:id="njp">proper adjective as noun</interp>
  <interp xml:id="njp2">proper adjective as plural noun</interp>
  <interp xml:id="njpg1">proper adjective as possessive noun</interp>
  <interp xml:id="njpg2">proper adjective as plural possessive noun</interp>
  <interp xml:id="np1">singular, proper noun</interp>
  <interp xml:id="np1-j">adjective used as name</interp>
  <interp xml:id="np1-jn">singular, proper noun</interp>
  <interp xml:id="np1-n">singular noun as proper noun</interp>
  <interp xml:id="np2">plural, proper noun</interp>
  <interp xml:id="np2-j">adjective used as plural name</interp>
  <interp xml:id="np2-n">plural noun as proper noun</interp>
  <interp xml:id="npg1">singular possessive, proper noun</interp>
  <interp xml:id="npg1-j">adjective as proper noun</interp>
  <interp xml:id="npg1-n">singular possessive noun as proper noun</interp>
  <interp xml:id="npg2">plural possessive, proper noun</interp>
  <interp xml:id="ord">ordinal number</interp>
  <interp xml:id="p-acp">acp word as preposition</interp>
  <interp xml:id="pc-acp">acp word as particle</interp>
  <interp xml:id="pi">singular, indefinite pronoun</interp>
  <interp xml:id="pi2">plural, indefinite pronoun</interp>
  <interp xml:id="pi2x">plural, indefinite pronoun</interp>
  <interp xml:id="pig">singular possessive, indefinite pronoun</interp>
  <interp xml:id="pigx">possessive case, indefinite pronoun</interp>
  <interp xml:id="pix">indefinite pronoun</interp>
  <interp xml:id="pix2">indefinite pronoun</interp>
  <interp xml:id="pn22">second person, personal pronoun</interp>
  <interp xml:id="pn31">third person singular, personal pronoun</interp>
  <interp xml:id="png11">first person singular possessive, personal pronoun</interp>
  <interp xml:id="png12">first person plural possessive, personal pronoun</interp>
  <interp xml:id="png21">second person singular possessive, personal pronoun</interp>
  <interp xml:id="png22">second person, possessive, personal pronoun</interp>
  <interp xml:id="png31">third person singular possessive, personal pronoun</interp>
  <interp xml:id="png32">third person plural possessive, personal pronoun</interp>
  <interp xml:id="pno11">first person singular objective, personal pronoun</interp>
  <interp xml:id="pno12">first person plural objective, personal pronoun</interp>
  <interp xml:id="pno21">second person singular objective, personal pronoun</interp>
  <interp xml:id="pno31">third person singular objective, personal pronoun</interp>
  <interp xml:id="pno32">third person plural objective, personal pronoun</interp>
  <interp xml:id="pns11">first person singular subjective, personal pronoun</interp>
  <interp xml:id="pns12">first person plural subjective, personal pronoun</interp>
  <interp xml:id="pns21">second person singular subjective, personal pronoun</interp>
  <interp xml:id="pns31">third person singular subjective, personal pronoun</interp>
  <interp xml:id="pns32">third person plural objective, personal pronoun</interp>
  <interp xml:id="po11">first person singular, possessive pronoun</interp>
  <interp xml:id="po12">first person plural, possessive pronoun</interp>
  <interp xml:id="po21">second person singular, possessive pronoun</interp>
  <interp xml:id="po22">second person possessive pronoun</interp>
  <interp xml:id="po31">third person singular, possessive pronoun</interp>
  <interp xml:id="po32">third person plural, possessive pronoun</interp>
  <interp xml:id="pp-f">preposition 'of'</interp>
  <interp xml:id="px11">first person singular reflexive pronoun</interp>
  <interp xml:id="px12">first person plural reflexive pronoun</interp>
  <interp xml:id="px21">second person singular reflexive pronoun</interp>
  <interp xml:id="px22">second person plural reflexive pronoun</interp>
  <interp xml:id="px31">third person singular reflexive pronoun</interp>
  <interp xml:id="px32">third person plural reflexive pronoun</interp>
  <interp xml:id="pxg21">second person singular possessive, reflexive pronoun</interp>
  <interp xml:id="q-crq">interrogative use, wh-word</interp>
  <interp xml:id="qg-crq">interrogative use, wh-word, possessive</interp>
  <interp xml:id="qo-crq">interrogative use, wh-word, object</interp>
  <interp xml:id="r-crq">relative use, wh-word</interp>
  <interp xml:id="rg-crq">relative use, wh-word, possessive</interp>
  <interp xml:id="ro-crq">relative use, wh-word, object</interp>
  <interp xml:id="sy">alphabetical or other symbol</interp>
  <interp xml:id="uh">interjection</interp>
  <interp xml:id="uh-av">adverb as interjection</interp>
  <interp xml:id="uh-crq">wh-word as interjection</interp>
  <interp xml:id="uh-dx">negative interjection</interp>
  <interp xml:id="uh-j">adjective as interjection</interp>
  <interp xml:id="uh-jn">adjective/noun as interjection</interp>
  <interp xml:id="uh-n">noun as interjection</interp>
  <interp xml:id="uh-np">proper noun as interjection</interp>
  <interp xml:id="uh-v">verb as interjection</interp>
  <interp xml:id="uh-x">negative interjection</interp>
  <interp xml:id="vb2-imp">second person plural present imperative, 'be'</interp>
  <interp xml:id="vb2r">2nd singular present of 'be'</interp>
  <interp xml:id="vb2rx">2nd singular present, 'be'</interp>
  <interp xml:id="vb2s">2nd singular present of 'be'</interp>
  <interp xml:id="vbb">present tense, 'be'</interp>
  <interp xml:id="vbbx">present tense negative, 'be'</interp>
  <interp xml:id="vbd2r">2nd singular past of 'be'</interp>
  <interp xml:id="vbd2s">2nd singular past of 'be'</interp>
  <interp xml:id="vbd2x">second person singular past, 'be'</interp>
  <interp xml:id="vbdp">plural past tense, 'be'</interp>
  <interp xml:id="vbdr">past tense, 'be'</interp>
  <interp xml:id="vbdrx">past tense negative, 'be'</interp>
  <interp xml:id="vbds">past tense, 'be'</interp>
  <interp xml:id="vbdsx">past tense negative, 'be'</interp>
  <interp xml:id="vbg">present participle, 'be'</interp>
  <interp xml:id="vbi">infinitive, 'be'</interp>
  <interp xml:id="vbm">first person singular, 'be'</interp>
  <interp xml:id="vbmx">first person singular negative, 'be'</interp>
  <interp xml:id="vbn">past participle, 'be'</interp>
  <interp xml:id="vbp">plural present, 'be'</interp>
  <interp xml:id="vbr">present tense , 'be', 'are'</interp>
  <interp xml:id="vbrx">present tense negative, 'be', are</interp>
  <interp xml:id="vbz">third person singular present, 'be'</interp>
  <interp xml:id="vbzx">third person singular present negative, 'be'</interp>
  <interp xml:id="vd2">second person singular present of 'do'</interp>
  <interp xml:id="vd2-imp">second person plural present imperative, 'do'</interp>
  <interp xml:id="vd2x">second person singular present negative, 'do'</interp>
  <interp xml:id="vdb">present tense, 'do'</interp>
  <interp xml:id="vdbx">present tense negative, 'do'</interp>
  <interp xml:id="vdd">past tense, 'do'</interp>
  <interp xml:id="vdd2">second person singular past of 'do'</interp>
  <interp xml:id="vdd2x">second person singular past negative, verb</interp>
  <interp xml:id="vddp">plural past tense, 'do'</interp>
  <interp xml:id="vddx">past tense negative, 'do'</interp>
  <interp xml:id="vdg">present participle, 'do'</interp>
  <interp xml:id="vdi">infinitive, 'do'</interp>
  <interp xml:id="vdn">past participle, 'do'</interp>
  <interp xml:id="vdp">plural present, 'do'</interp>
  <interp xml:id="vdz">third person singular present, 'do'</interp>
  <interp xml:id="vdzx">third person singular present negative, 'do'</interp>
  <interp xml:id="vh2">second person singular present of 'have'</interp>
  <interp xml:id="vh2-imp">second person plural present imperative, 'have'</interp>
  <interp xml:id="vh2x">second person singular present negative, 'have'</interp>
  <interp xml:id="vhb">present tense, 'have'</interp>
  <interp xml:id="vhbx">present tense negative, 'have'</interp>
  <interp xml:id="vhd">past tense, 'have'</interp>
  <interp xml:id="vhd2">second person singular past of 'have'</interp>
  <interp xml:id="vhdp">plural past tense, 'have'</interp>
  <interp xml:id="vhdx">past tense negative, 'have'</interp>
  <interp xml:id="vhg">present participle, 'have'</interp>
  <interp xml:id="vhi">infinitive, 'have'</interp>
  <interp xml:id="vhn">past participle, 'have'</interp>
  <interp xml:id="vhp">plural present, 'have'</interp>
  <interp xml:id="vhz">third person singular present, 'have'</interp>
  <interp xml:id="vhzx">third person singular present negative, 'have'</interp>
  <interp xml:id="vm2">second person singular present of modal verb</interp>
  <interp xml:id="vm2x">second person singular present negative, modal verg</interp>
  <interp xml:id="vmb">present tense, modal verb</interp>
  <interp xml:id="vmb1">first person singular present, modal verb</interp>
  <interp xml:id="vmbx">present tense negative, modal verb</interp>
  <interp xml:id="vmd">past tense, modal verb</interp>
  <interp xml:id="vmd2">second person singular past of modal verb</interp>
  <interp xml:id="vmd2x">second person singular present, modal verb</interp>
  <interp xml:id="vmdp">plural past tense, modal verb</interp>
  <interp xml:id="vmdx">past negative, modal verb</interp>
  <interp xml:id="vmi">infinitive, modal verb</interp>
  <interp xml:id="vmn">past participle, modal verb</interp>
  <interp xml:id="vmp">plural present tense, modal verg</interp>
  <interp xml:id="vv2">second person singular present of verb</interp>
  <interp xml:id="vv2-imp">second person present imperative, verb</interp>
  <interp xml:id="vv2-u">2nd singular present of verb (un-)</interp>
  <interp xml:id="vv2x">second person singular present negative, verb</interp>
  <interp xml:id="vvb">present tense, verg</interp>
  <interp xml:id="vvb-u">present tense, verb (un-)</interp>
  <interp xml:id="vvbx">present tense negative, verb</interp>
  <interp xml:id="vvd">past tense, verb</interp>
  <interp xml:id="vvd-u">past tense, verb (un-)</interp>
  <interp xml:id="vvd2">second person singular past of verb</interp>
  <interp xml:id="vvd2-u">2nd singular past of verb (un-)</interp>
  <interp xml:id="vvd2x">second person singular past negative, verb</interp>
  <interp xml:id="vvdp">past plural, verb</interp>
  <interp xml:id="vvdx">past tense negative, verb</interp>
  <interp xml:id="vvg">present participle, verb</interp>
  <interp xml:id="vvg-np">a name turned into a present participle</interp>
  <interp xml:id="vvg-u">present participle, verb (un-)</interp>
  <interp xml:id="vvi">infinitive, verb</interp>
  <interp xml:id="vvi-u">infinitive, verb (un-)</interp>
  <interp xml:id="vvn">past participle, verb</interp>
  <interp xml:id="vvn-u">past participle, verb (un-)</interp>
  <interp xml:id="vvp">plural present, verb</interp>
  <interp xml:id="vvp-u">plural present, verb(un-)</interp>
  <interp xml:id="vvz">third person singular preseent, verb</interp>
  <interp xml:id="vvz-np">a name turned into a verb</interp>
  <interp xml:id="vvz-u">3rd singular present, verb</interp>
  <interp xml:id="vvzx">third person singular present negative, verb</interp>
  <interp xml:id="wd">word wrongly split or joined in text</interp>
  <interp xml:id="xx">negative</interp>
  <interp xml:id="zf">english word wrongly used by foreign speaker</interp>
  <interp xml:id="zz">unknown or unparsable token</interp>
</interpGrp>
